"department","gender","count"
"Accounting","Female","1337"
"Accounting","Male","1549"
"Accounting","Non-Conforming","79"
"Auditing","Female","22"
"Auditing","Male","22"
"Business Development","Female","684"
"Business Development","Male","757"
"Business Development","Non-Conforming","46"
"Engineering","Female","2763"
"Engineering","Male","3007"
"Engineering","Non-Conforming","172"
"Human Resources","Female","762"
"Human Resources","Male","803"
"Human Resources","Non-Conforming","40"
"Legal","Female","121"
"Legal","Male","143"
"Legal","Non-Conforming","8"
"Marketing","Female","219"
"Marketing","Male","224"
"Marketing","Non-Conforming","5"
"Product Management","Female","252"
"Product Management","Male","306"
"Product Management","Non-Conforming","14"
"Research and Development","Female","461"
"Research and Development","Male","465"
"Research and Development","Non-Conforming","32"
"Sales","Female","742"
"Sales","Male","843"
"Sales","Non-Conforming","43"
"Services","Female","721"
"Services","Male","751"
"Services","Non-Conforming","32"
"Support","Female","390"
"Support","Male","433"
"Support","Non-Conforming","32"
"Training","Female","686"
"Training","Male","770"
"Training","Non-Conforming","40"
